,Crop.name.in.original.data,temp.min,temp.max,air_temperature
0,Wheat,4.623191386,22.22550734,13.29853341
1,Maize,3.682332451,21.64677206,12.59900674
2,Beans,4.271593762,21.98325076,13.01687584
3,Winter vegetables,9.888231874555283,25.393218405113757,17.946600193464324
4,Spring vegetables (field planting),9.888231874555283,25.393218405113757,17.946600193464324
5,Spring vegetables (greenhouse planting),9.888231874555283,25.393218405113757,17.946600193464324
6,Potato,2.533185216,20.69774128,11.59295598
7,Forage,9.888231874555283,25.393218405113757,17.946600193464324
8,Wheat,7.604680192,25.54257159,15.73883429
9,Barley,7.170964388,25.51827351,15.53644562
10,Rice,8.179345129,25.5307298,16.01465334
11,Sorghum,7.511766562,25.17462942,15.64088752
12,Sugarbeet,9.888231874555283,25.393218405113757,17.946600193464324
13,Wheat,18.67290728,22.7026684,21.41993949
14,Maize,16.90645254,21.21063759,20.0120022
15,Rice,18.64118815,22.69637231,21.40247682
16,Potatoes,18.64629592,22.68998814,21.40101173
17,Millet,18.6568077,22.69513028,21.40824235
18,Sorghum,16.91765149,25.9209286,22.5991809
19,Barley,8.397460434,22.84058829,15.33231921
20,Millet,10.25578674,23.97673706,17.06813929
21,Winter Wheat,-7.12734451,20.73062399,7.433512449
22,Spring Coarse Grains,9.888231874555283,25.393218405113757,17.946600193464324
23,Winter Grains,9.888231874555283,25.393218405113757,17.946600193464324
24,Spring Grains,9.888231874555283,25.393218405113757,17.946600193464324
25,Cotton,1.257219747,25.33384369,13.25945263
26,Potato (main),1.257471177,25.33405085,13.2596793
27,Potato (early),9.888231874555283,25.393218405113757,17.946600193464324
28,Wheat,18.34392626,28.76362297,25.51401717
29,Sorghum,18.49015502,28.60221147,25.49842417
30,Potato,18.47961748,28.59863762,25.49054125
31,Winter Cereals,9.888231874555283,25.393218405113757,17.946600193464324
32,Winter Rye,-7.060846342,17.61558099,6.106987518
33,Spring Cereals,9.888231874555283,25.393218405113757,17.946600193464324
34,Spring Barley,-7.061871571,17.6154159,6.10636089
35,Millet,25.8473346,30.99766453,27.86951405
36,Maize (main),25.42611063,29.52244971,27.42137952
37,Maize (second),25.42652836,29.52460218,27.4217704
38,Sorghum,25.67084632,30.56618794,27.68240162
39,Rice,25.76856346,30.75468473,27.85705255
40,Irrigated Rice,9.888231874555283,25.393218405113757,17.946600193464324
41,Cassava,25.35424691,29.56678349,27.39057081
42,Yams,25.33823379,29.75888535,27.3905802
43,Wheat,15.01464364,20.8101801,18.69470125
44,Barley,17.62349583,23.37710441,21.33792155
45,Maize,15.48028053,21.4355545,19.24459597
46,Rice,19.97228823,25.412863,23.54029418
47,Soybean,20.95896575,26.91828691,24.8702031
48,Potato,10.32655673,15.93773987,13.83929755
49,Sweet Potato,17.65509802,23.41097314,21.37113896
50,Wheat,13.71185514,25.65558355,20.81302683
51,Maize,13.88670925,25.34835397,20.80293971
52,Millet,14.72733439,25.21720187,21.32390426
53,Sorghum,13.91324014,25.49264124,20.82546275
54,Sorghum,20.50353158,24.84358085,23.33277732
55,Barley,13.75442258,22.65820078,18.31899588
56,Millet,25.06825336,33.20227655,28.99815931
57,Maize,25.5805327,32.25543333,28.39135985
58,Sorghum,25.23820939,33.06947098,28.84545562
59,Rice,25.67019072,32.21814946,28.38519485
60,Beans (main),18.97563134,20.57520028,19.81330092
61,Beans (second),9.888231874555283,25.393218405113757,17.946600193464324
62,Maize (main),18.95290209,20.56651978,19.80111632
63,Maize (second),18.95290209,20.56651978,19.80111632
64,Sorghum (main),19.00216229,20.5779507,19.82560838
65,Sorghum (second),19.0076105,20.58048457,19.82849086
66,Main Wet Season Rice,25.35791435,29.2284509,27.37064379
67,Dry Season Rice,25.35791435,29.2284509,27.37064379
68,Maize,25.13416147,29.22101745,27.29153541
69,Millet,22.66252651,26.5772332,24.03915698
70,Maize (main),21.89986942,25.36768661,23.24035387
71,Maize (second),21.93642746,25.42214803,23.27669031
72,Sorghum,22.64019446,26.46408202,23.96812394
73,Cassava,22.7259141,25.75234064,23.96484699
74,Yams,21.5094335,24.36995834,22.76715362
75,Rice,22.6198779,26.41551291,23.93603047
76,Maize,19.18111908,24.25278345,21.61176784
77,Pulses,19.18111909,24.25278347,21.61176785
78,Millet,23.73120491,27.96392292,25.223813
79,Maize (main),23.90757359,26.68147704,24.90632716
80,Maize (second),23.90757359,26.68147704,24.90632716
81,Sorghum,23.54405929,27.34840707,24.9240694
82,Rice,23.84635179,26.82683502,24.89760385
83,Cassava,23.61223381,26.90062578,24.79593903
84,Yams,23.66933274,26.53442807,24.73719588
85,Millet,23.73097759,32.06447463,27.97798246
86,Maize,23.72802854,32.08562851,27.83680093
87,Sorghum,24.36172089,31.36179628,27.40164233
88,Rice,24.28562379,30.72435511,26.67316818
89,Wheat,7.038211821,17.41772604,11.87168183
90,Barley,6.6874882,16.8161557,11.38262109
91,Maize,8.002067771,18.39286444,12.87889708
92,Rice,7.792405846,19.25719592,13.09725841
93,Sugarbeet,7.455621879,17.86300427,12.30116457
94,Wheat,19.19089585,19.83951865,19.44441585
95,Barley,19.70862565,20.40700832,19.99053004
96,Maize,22.72829612,23.6205946,23.07393281
97,Rice,21.92127279,22.74208193,22.22093346
98,Sorghum,23.12381286,23.95531895,23.52337531
99,Soybean,23.53552005,25.16436177,24.30773663
100,Maize (main),22.71076661,25.30631942,24.25478408
101,Maize (second),22.71076661,25.30631942,24.25478408
102,Cassava,21.96953181,25.14341629,23.97338837
103,Yams,22.74098811,25.31377479,24.25533524
104,Millet,22.89977213,24.43340386,23.96393383
105,Maize (main),23.15246336,25.41742119,24.11246721
106,Maize (second),23.15246336,25.41742119,24.11246721
107,Maize (main),23.02323812,24.40425499,23.9408342
108,Maize (second),23.02323812,24.40425499,23.9408342
109,Maize (main),22.41608354,24.45831946,23.64080841
110,Maize (second),22.41608354,24.45831946,23.64080841
111,Maize,18.18236611,23.57857726,21.28263602
112,Sorghum,21.75707283,23.98435504,23.21080296
113,Rice,22.30474779,24.51371453,23.30234536
114,Rice,21.89456814,23.25371919,22.79502268
115,Cassava,22.92631554,25.17609034,23.89629984
116,Cassava,22.04964959,23.83424932,23.33097639
117,Yams,22.23488114,24.17508473,23.4146614
118,Maize (main),25.19528685,27.49193129,26.11804038
119,Maize (second),25.19528685,27.49193129,26.11804038
120,Sorghum,9.888231874555283,25.393218405113757,17.946600193464324
121,Rice (main),25.18624768,27.39085682,26.07468901
122,Rice (second),25.18624768,27.39085682,26.07468901
123,Maize (main),22.26468423,27.49571015,25.18131799
124,Maize (second),22.26468423,27.49571015,25.18131799
125,Rice (main),22.26468423,27.49571015,25.18131799
126,Rice (second),22.26468423,27.49571015,25.18131799
127,Sweet Potato,22.26468423,27.49571015,25.18131799
128,Potato,22.26468423,27.49571015,25.181318
129,Wheat,9.888231874555283,25.393218405113757,17.946600193464324
130,Barley,9.888231874555283,25.393218405113757,17.946600193464324
131,Potato,9.888231874555283,25.393218405113757,17.946600193464324
132,Maize (main),22.24883866,25.73557036,24.25457708
133,Maize (second),22.24883866,25.73557036,24.25457708
134,Maize (third),9.888231874555283,25.393218405113757,17.946600193464324
135,Sorghum (main),22.24883865,25.73557036,24.25457708
136,Sorghum (second),22.24883865,25.73557036,24.25457708
137,Sorghum (third),9.888231874555283,25.393218405113757,17.946600193464324
138,Rice (main),22.24883865,25.73557036,24.25457708
139,Rice (second),22.24883865,25.73557036,24.25457708
140,Wheat,-11.12005976,20.20783932,5.61828221
141,Barley,-11.10842225,20.21530987,5.627290154
142,Maize,-8.417579337,22.84120412,8.241505305
143,Rice,-8.428184238,22.83732656,8.235107953
144,Millet,-8.430256231,22.83726279,8.234440868
145,Sorghum,-8.478014933,22.8269191,8.2127769
146,Potatoes,-11.10578384,20.21172259,5.625628275
147,Sweet Potatoes,-11.13256156,20.22083742,5.623608873
148,Spring Potato,9.888231874555283,25.393218405113757,17.946600193464324
149,Rice,9.888231874555283,25.393218405113757,17.946600193464324
150,Maize,9.888231874555283,25.393218405113757,17.946600193464324
151,Sweet Potato,-7.05636052,24.17866183,9.569727536
152,Soya Bean,-7.058741229,24.17812961,9.568472339
153,Potato (Main Season),-7.059896802,24.17787127,9.56786308
154,Maize (main crop),23.29619239,25.22136416,24.47878817
155,Maize (off season crop),23.29619239,25.22136416,24.47878817
156,Rice (main crop),23.29619239,25.22136416,24.47878817
157,Rice (off season crop),23.29619239,25.22136416,24.47878817
158,Wheat,19.03865662,20.4221667,19.74711092
159,Barley,18.46825854,19.80208259,19.15217649
160,Maize,9.888231874555283,25.393218405113757,17.946600193464324
161,Rice,21.36361506,22.94137658,22.15663549
162,Wheat,13.21470515,28.11511017,21.41316874
163,Barley,13.3972411,28.24528521,21.54654342
164,Maize,13.13749144,28.19810174,21.44175178
165,Rice,13.29816586,26.76270132,20.54798881
166,Millet,9.888231874555283,25.393218405113757,17.946600193464324
167,Maize (main),23.57518404,26.33115479,24.74211906
168,Maize (second),23.57518404,26.33115479,24.74211906
169,Maize (third),9.888231874555283,25.393218405113757,17.946600193464324
170,Sorghum,23.69548683,26.47097613,24.86318767
171,Rice (main),22.81657191,25.60252663,24.06483651
172,Rice (second),22.81657191,25.60252663,24.06483651
173,Beans (main),22.87457263,25.67471187,24.12645988
174,Beans (second),9.888231874555283,25.393218405113757,17.946600193464324
175,Wheat,20.83172124,26.74080485,24.07529376
176,Maize,20.83172124,26.74080485,24.07529376
177,Millet,20.83172125,26.74080486,24.07529377
178,Sorghum,20.83172125,26.74080487,24.07529377
179,Barley,17.1349195,22.29152349,19.78685828
180,Winter Cereals,9.888231874555283,25.393218405113757,17.946600193464324
181,Winter Wheat,-6.663213555,16.47119383,4.946956327
182,Spring Coarse Grains,9.888231874555283,25.393218405113757,17.946600193464324
183,Wheat (Meher),17.65070478,20.59576764,19.20207377
184,Maize (Meher),18.15092383,21.53754089,19.85342309
185,Teff (Meher),9.888231874555283,25.393218405113757,17.946600193464324
186,Sorghum (Meher),18.66766874,22.1563633,20.44769382
187,Millet (Meher),18.3495862,21.83096611,20.11586755
188,Oats (Meher),16.89924724,19.9113117,18.45260688
189,Barley (Meher),17.92726881,21.05974649,19.67707494
190,All Cereals (Belg),9.888231874555283,25.393218405113757,17.946600193464324
191,Maize,25.5824168,27.04684324,26.23347024
192,Rice,25.5824168,27.04684324,26.23347024
193,Maize (main),22.90185644,25.89884879,24.77482038
194,Maize (second),22.90185644,25.89884879,24.77482038
195,Cassava,22.89727812,25.89394672,24.76987877
196,Yams,22.90070981,25.89608042,24.77239128
197,Millet,24.42500331,30.05829153,27.5916282
198,Maize,24.46021601,30.74936215,27.80903965
199,Sorghum,24.43631439,30.68826177,27.76088492
200,Rice,24.13940165,28.84963791,27.04152428
201,Groundnut,24.34953944,29.79732808,27.46561485
202,Winter Wheat,-1.824289593,21.0324104,9.967217003
203,Maize,-1.808749166,21.04194356,9.980108717
204,Millet,25.91482313,31.04669728,28.01213559
205,Maize (main),24.99503975,28.36002449,26.68328182
206,Maize (main),25.87005532,31.04302143,27.95945188
207,Maize (second),25.13766988,28.80186738,26.89233526
208,Sorghum,25.87622856,31.01172746,27.97330249
209,Rice,25.04870756,28.55739313,26.74463329
210,Rice,25.8718335,31.06049656,27.97123153
211,Cassava,25.03504493,28.41306829,26.7143226
212,Yams,25.15812334,28.80933464,26.88324714
213,Maize (main),19.6856779,23.10859662,21.51477687
214,Maize (second),19.6856779,23.10859662,21.51477687
215,Wheat,20.44579839,23.99950313,22.36381608
216,Sorghum (main),21.89087473,24.62640566,23.27551685
217,Sorghum (second),21.89087473,24.62640566,23.27551685
218,Rice,20.46910302,24.01033162,22.37895396
219,Potato,20.44576432,23.99945572,22.36376884
220,Millet,22.7524927,27.85488936,25.17318886
221,Maize,22.40827408,27.65824123,24.87783347
222,Sorghum,22.90451009,28.76401253,25.56825398
223,Rice,22.95775702,27.46954215,25.0761743
224,Cassava,22.88991539,27.77730689,25.14752194
225,Yams,22.18623459,27.36298472,24.72791502
226,Millet,24.67215669,29.52778805,27.19112219
227,Maize,24.62821231,29.83869671,27.26612773
228,Sorghum,24.6146765,29.90918556,27.28805117
229,Rice,24.8350265,29.27187912,27.1357835
230,Maize,9.888231874555283,25.393218405113757,17.946600193464324
231,Rice,26.21338113,27.61200504,26.84329928
232,Soybean,9.888231874555283,25.393218405113757,17.946600193464324
233,Maize (main),22.07984072,25.63031142,24.09051267
234,Maize (second),22.07984072,25.63031142,24.09051267
235,Sorghum,22.07984072,25.63031142,24.09051267
236,Rice (main),22.07984072,25.63031142,24.09051267
237,Rice (second),22.07984072,25.63031142,24.09051267
238,Beans (main),22.07984072,25.63031141,24.09051266
239,Beans (second),9.888231874555283,25.393218405113757,17.946600193464324
240,Beans (third),9.888231874555283,25.393218405113757,17.946600193464324
241,Rice (main season),25.42505252,26.6530724,26.11417134
242,Rice (second season),25.42505252,26.6530724,26.11417134
243,Rice (main season),24.57843164,26.42885374,25.62354813
244,Rice (main season),24.71579193,25.87496906,25.43268265
245,Rice (main season),25.56652281,26.53344311,26.10344263
246,Rice (second season),25.56652281,26.53344311,26.10344263
247,Wheat,1.473854136,27.03062695,14.55898504
248,Barley,1.619693908,27.14782955,14.65567151
249,Rice,3.112181147,26.68314357,15.12360381
250,Potato,0.622992882,26.34999264,13.80114102
251,Sugarbeet,2.017428597,27.366729,14.96947211
252,Wheat,8.215946973,33.92072583,21.33933209
253,Barley,8.421190776,33.99433703,21.57206827
254,Millet,9.888231874555283,25.393218405113757,17.946600193464324
255,Sorghum,9.888231874555283,25.393218405113757,17.946600193464324
256,Potato,8.574578038,34.11852746,21.65510767
257,Wheat,10.98332229,26.06468047,18.97021798
258,Barley,10.98412756,26.06558429,18.97113358
259,Sorghum,10.98540132,26.0699793,18.97435589
260,Potato,10.98846921,26.06790503,18.97454317
261,Sugarbeet,10.98540132,26.0699793,18.97435588
262,Millet,25.01124634,29.27664351,26.736839
263,Maize (main),24.83963483,28.38215838,26.33223564
264,Maize (second),24.83962836,28.38215315,26.33232559
265,Sorghum,24.95527479,29.20982063,26.6725822
266,Rice,24.83623268,28.3733727,26.32624045
267,Cassava,24.8372032,28.37620886,26.32879932
268,Yams,24.83686288,28.37552496,26.32839695
269,Rice,0.51728337,24.32491546,11.93225234
270,Wheat,-3.583987403,21.61806704,8.756084299
271,Potato,-0.73474586,23.25109341,10.87803326
272,Wheat,8.203327347,25.31296464,17.46143844
273,Barley,8.075428877,25.24649686,17.36406171
274,Sorghum,8.987413368,25.80135617,18.03474159
275,Potato,7.965885429,25.26384295,17.3327821
276,Cereals,9.888231874555283,25.393218405113757,17.946600193464324
277,Spring Wheat,-16.05184143,20.86942942,2.759301356
278,Spring Barley,-14.29657004,21.49323171,4.077445549
279,Cotton,-14.8867179,21.20252482,3.550403603
280,Wheat (long rains),21.90580088,25.01957847,23.49120794
281,Maize (long rains),21.90628613,25.02129829,23.49231769
282,Maize (short rains),21.90575091,25.02004313,23.49141368
283,Millet (long rains),21.90628614,25.02129829,23.49231769
284,Millet (short rains),9.888231874555283,25.393218405113757,17.946600193464324
285,Sorghum (long rains),21.90563096,25.01703619,23.48985187
286,Sorghum (short rains),21.88661313,24.99155677,23.46897152
287,Barley (long rains),21.90371966,25.01683244,23.48894833
288,Barley (short rains),9.888231874555283,25.393218405113757,17.946600193464324
289,Beans (long rains),21.90301155,25.01595568,23.48812025
290,Beans (short rains),9.888231874555283,25.393218405113757,17.946600193464324
291,Winter Wheat,-12.7867504,16.4373613,3.008117335
292,Maize,-12.79139295,16.43234565,3.001780368
293,Cotton,-12.77413374,16.44894469,3.015915696
294,Rice (wet season),20.23092475,27.25107722,24.65822957
295,Rice (dry season),20.23092475,27.25107722,24.65822957
296,Winter Cereals,9.888231874555283,25.393218405113757,17.946600193464324
297,Winter Wheat,-5.764008576,16.5875595,5.684747537
298,Winter Rye,-5.764008573,16.5875595,5.684747538
299,Spring Coarse Grains,9.888231874555283,25.393218405113757,17.946600193464324
300,Spring Barley,-5.764008576,16.5875595,5.684747537
301,Wheat,6.779485284,23.40248849,15.36166179
302,Sorghum,5.724559418,22.56282015,14.40861777
303,Wheat,5.258394639,16.99704085,11.54035661
304,Maize,6.153314776,18.21545802,12.62953064
305,Sorghum,6.405267614,18.52637809,12.88294758
306,Rice,24.11226092,26.38310076,25.19044318
307,Cassava,24.11130764,26.40220154,25.22186181
308,Yams,24.04696973,26.34825766,25.15230672
309,Wheat,11.8382825,26.58346611,19.55283151
310,Barley,11.83828249,26.5834661,19.55283151
311,Millet,11.8382825,26.58346613,19.55283153
312,Potatoes,11.8382825,26.58346611,19.55283152
313,Winter Cereals,9.888231874555283,25.393218405113757,17.946600193464324
314,Winter Wheat,-5.451108129,16.8131879,6.171628392
315,Winter Rye,-5.514166165,16.80730696,6.14980768
316,Spring Coarse Grains,9.888231874555283,25.393218405113757,17.946600193464324
317,Spring Barley,-5.459605346,16.80584427,6.163395035
318,Wheat,-0.715236455,19.95601293,10.16031569
319,Rice,-0.71663434,19.95147754,10.15670186
320,Maize,-0.723079398,19.93694571,10.14488798
321,Sunflower,-0.702385871,19.97827949,10.17877298
322,Beans,-0.71698074,19.95075531,10.1561116
323,Sugarbeet,-0.707615177,19.96568009,10.16857295
324,Winter vegetables,9.888231874555283,25.393218405113757,17.946600193464324
325,Spring vegetables (field planting),9.888231874555283,25.393218405113757,17.946600193464324
326,Spring vegetables (greenhouse planting),9.888231874555283,25.393218405113757,17.946600193464324
327,Forage,9.888231874555283,25.393218405113757,17.946600193464324
328,Wheat,19.62818727,24.76585351,22.58864992
329,Rice,19.15163639,24.30513715,22.09406299
330,Maize,17.92658634,23.54207564,21.11507068
331,Sorghum,19.62818727,24.76585351,22.58864992
332,Potatoes,13.82851879,20.18495099,17.48773575
333,Sweet Potatoes,17.60074608,23.87087775,21.03048484
334,Wheat,17.35783588,24.16817106,21.3385734
335,Rice,18.1543906,24.81954606,22.01362947
336,Maize,17.32369805,24.15552593,21.32435714
337,Sorghum,18.04653796,25.06460491,22.21555629
338,Rice,24.93400496,26.32549309,25.62476175
339,Rice,25.24196653,26.40662301,25.85609856
340,Millet,23.7650285,33.13904401,28.48018838
341,Maize,24.24564456,31.32892274,27.52171984
342,Sorghum,24.01138861,32.37584623,28.07824557
343,Rice (rainfed),23.51131311,33.24842592,28.56038084
344,Rice (irrigated),9.888231874555283,25.393218405113757,17.946600193464324
345,Millet,23.23943622,34.58823879,29.43001513
346,Maize,23.47610975,34.51050347,29.43501284
347,Sorghum,23.58785228,34.81701332,29.59808041
348,Rice (irrigated),22.83336457,32.10859328,28.426543
349,Rice (off-season),22.83336457,32.10859328,28.426543
350,Crops in low lying areas,9.888231874555283,25.393218405113757,17.946600193464324
351,Walo crops,9.888231874555283,25.393218405113757,17.946600193464324
352,Rice,21.08873855,27.02828406,24.50355587
353,Soybean,21.10292759,27.49935971,24.98753977
354,Potato,14.73817297,23.29402783,19.66598381
355,Winter cereals,9.888231874555283,25.393218405113757,17.946600193464324
356,Winter wheat,-3.2391108,21.19407916,9.831557667
357,Spring cereals,9.888231874555283,25.393218405113757,17.946600193464324
358,Maize,-3.239700758,21.19358647,9.830992569
359,Sunflower,-3.241349858,21.19321246,9.829716796
360,Sugarbeet,-3.251961475,21.18970155,9.82008317
361,Wheat,10.59515172,24.69678876,17.05317673
362,Barley,10.58332095,24.43210378,16.9598681
363,Maize,11.99220694,23.63094798,17.43646053
364,Potatoes,10.43447297,24.48444552,16.87730753
365,Wheat,19.15665208,25.60554289,23.17772513
366,Maize,18.98487138,25.50617057,23.13996997
367,Sorghum,19.97274831,26.0533499,23.8256476
368,Wheat,20.53328292,28.22545458,25.15421642
369,Maize,17.61928277,26.34665618,23.08084629
370,Potato,20.63414543,28.29878823,25.23018939
371,Wheat,14.66273706,23.66752941,20.15577273
372,Maize,14.67849825,23.66973877,20.16812043
373,Sorghum,16.46274884,25.4579748,22.12634723
374,Wheat,12.18891632,26.52942348,20.87455507
375,Maize,11.44775457,25.43734533,19.95543916
376,Rice,12.70266561,26.64806423,21.24033134
377,Millet,10.48744787,24.31792261,18.90646401
378,Maize (main),23.50123369,26.33259205,24.79021376
379,Maize (second),23.50123369,26.33259205,24.79021376
380,Maize (third),9.888231874555283,25.393218405113757,17.946600193464324
381,Sorghum (main),23.82136997,26.54430607,25.04213263
382,Sorghum (second),23.82136997,26.54430607,25.04213263
383,Rice (irrigated main),9.888231874555283,25.393218405113757,17.946600193464324
384,Rice (irrigated second),9.888231874555283,25.393218405113757,17.946600193464324
385,Rice (upland),24.32681478,26.95706399,25.47888789
386,Beans (main),23.02288674,26.0267073,24.4183186
387,Beans (second),9.888231874555283,25.393218405113757,17.946600193464324
388,Beans (third),9.888231874555283,25.393218405113757,17.946600193464324
389,Millet,22.77423518,33.94422414,28.83502203
390,Maize,22.35305986,33.93084727,28.72131255
391,Sorghum,21.91689122,33.65350499,28.36390155
392,Rice (rainfed),24.29832994,34.45408033,29.66015615
393,Groundnut,22.20339919,33.27635762,28.2097822
394,Cowpea,22.40688429,33.87614035,28.68727759
395,Millet,22.71019704,31.3561503,27.18544345
396,Maize (main),25.01243219,28.8392555,26.66072194
397,Maize (main),23.52356017,30.37184657,26.65622217
398,Maize (second),24.90252932,29.36212879,26.66138219
399,Sorghum,23.26931741,30.86342767,26.99507608
400,Cassava,24.94583275,28.58661161,26.563122
401,Yams,25.04365162,28.84544358,26.61162546
402,Barley,10.71212717,31.81411528,22.22797946
403,Maize,9.765092949,31.33752508,21.41416488
404,Millet,13.03210374,34.17713008,24.67436947
405,Sorghum,12.91335085,33.86015539,24.47355779
406,Potatoes,11.80195128,33.56880433,23.66499963
407,Maize,24.71659519,26.67181928,25.57816621
408,Rice,24.82140773,26.72220474,25.66544707
409,Wheat,16.38155892,25.95028487,21.48958506
410,Maize,16.77241315,26.29524151,21.85894706
411,Rice,16.75545715,26.2497803,21.83421832
412,Sorghum,16.75536543,26.24562973,21.83244341
413,Potato,17.61038022,26.91977062,22.59860396
414,Sweet Potato,16.75648088,26.24534864,21.8329008
415,Wheat,12.77657072,15.11946989,14.32009269
416,Barley,7.392011763,10.12975018,9.173764521
417,Rice,12.79248517,15.13352973,14.33461061
418,Sorghum,12.77791672,15.12066719,14.32132129
419,Potato,8.591537992,11.10771055,10.24216204
420,Soybean,12.77791672,15.12066719,14.32132129
421,Potatoes,21.73029628,24.28737537,23.07235239
422,Sugarbeet,-8.674404953,20.41137213,6.51250907
423,Beans (main),17.900674,18.69844726,18.34755999
424,Beans (second),9.888231874555283,25.393218405113757,17.946600193464324
425,Maize (main),17.33993011,18.16210575,17.81499073
426,Maize (second),17.33993011,18.16210575,17.81499073
427,Sorghum (main),17.95920169,18.77181831,18.42241244
428,Sorghum (second),17.96127325,18.773779,18.42463872
429,Wheat,13.00477814,33.91982501,24.48995721
430,Barley,12.12001788,32.64434774,23.40926953
431,Maize,13.3694252,31.68320204,23.38105813
432,Rice,9.888231874555283,25.393218405113757,17.946600193464324
433,Millet,13.31464733,32.62795647,23.90803154
434,Sorghum,20.27084003,31.21947753,26.11986476
435,Millet,24.24191763,30.02031188,27.80626202
436,Maize,24.62263641,31.36841103,28.10246219
437,Sorghum,24.53441274,31.59429092,28.18465977
438,Rice,23.94111052,30.07843702,27.54640299
439,Groundnut,24.41715493,30.31712862,27.86992397
440,Millet,25.08840992,28.28380511,26.33711284
441,Maize,25.12211547,28.19673406,26.34248235
442,Sorghum,25.01283576,28.16274901,26.23107396
443,Rice,25.04988262,27.97063281,26.2017457
444,Cassava,25.13741827,27.95736824,26.32426654
445,Yams,22.30879807,26.83473741,24.54726064
446,Maize (Gu),26.04618173,29.25984285,27.52794156
447,Maize (Der),26.04618173,29.25984285,27.52794156
448,Barley,9.880992664,23.11690172,16.81375819
449,Maize,10.89340224,24.65993743,18.13322476
450,Rice,11.05270267,22.41902103,17.32283509
451,Millet,11.07085798,22.43764866,17.34289091
452,Sorghum,9.285809804,21.86368234,16.57058652
453,Soybean,11.05701806,22.4215804,17.32606936
454,Wheat,-1.699057086,25.27787217,12.12076003
455,Barley,-1.699530302,25.27938713,12.12117381
456,Maize,-1.70603091,25.27815586,12.11837203
457,Rice,-1.705891718,25.27771362,12.11825162
458,Millet,-1.706030917,25.27815586,12.11837203
459,Sorghum,-1.706030913,25.27815586,12.11837203
460,Potatoes,-1.699530307,25.27938713,12.1211738
461,Sweet Potatoes,-1.699626343,25.2796946,12.12125778
462,Rice,25.10642563,28.00949751,26.7632377
463,Maize,24.61206473,27.21784444,26.09297124
464,Wheat,23.90127344,31.80840658,28.24743138
465,Maize,25.48733821,28.95762731,26.81506798
466,Millet,25.06028102,30.52126623,27.41521935
467,Millet,22.97204733,31.09947946,27.20428418
468,Sorghum,24.858719,30.91735866,27.64434877
469,Sorghum,24.26853696,31.91559474,28.16459471
470,Maize,25.72938222,27.77687144,26.51780423
471,Rice,26.3362642,27.97783814,27.11027482
472,Soybean,26.07206289,27.82589613,26.92060932
473,Wheat,14.62503181,22.98229622,19.32476883
474,Maize,14.58267671,22.94140778,19.28556877
475,Rice,14.60072579,22.95786932,19.3012798
476,Sorghum,14.43344003,22.73071491,19.10611947
477,Wheat,6.668320446,28.47092558,17.72758268
478,Barley,6.650826451,28.42135703,17.69499708
479,Rice,6.241508,29.85944088,18.00655147
480,Potatoes,6.541899728,28.14618283,17.51124579
481,Winter Wheat,-3.708414453,22.46845764,9.889422251
482,Spring Coarse Grains,9.888231874555283,25.393218405113757,17.946600193464324
483,Cotton,-3.708414445,22.46845765,9.889422261
484,Wheat,17.68928072,23.13714872,20.72821424
485,Wheat,18.47135263,22.61786497,20.95152946
486,Barley,19.89909805,23.2252962,22.05970287
487,Maize,19.12464146,24.19683456,22.07639107
488,Maize,20.1305993,22.97806307,21.94357539
489,Sorghum,20.64440508,25.19567199,23.38137681
490,Sorghum,20.43218613,23.16301191,22.08647731
491,Potatoes,19.90007853,23.21595065,22.05461252
492,Sorghum,23.51439657,29.62166647,26.96256511
493,Millet,25.85516504,31.2400694,27.98593339
494,Maize (main),24.7943193,28.60982889,26.6747867
495,Maize (second),24.79575801,28.61316704,26.67650375
496,Sorghum,25.3062408,30.16794678,27.34498826
497,Rice,24.67569158,28.91652231,26.6003835
498,Cassava,24.6917548,28.37228493,26.52588636
499,Yams,24.77968861,29.02530682,26.72152347
500,Maize,24.9604339,26.80480003,26.09611158
501,Rice,24.96043389,26.80480003,26.09611158
502,Sweet Potatoes,9.888231874555283,25.393218405113757,17.946600193464324
503,Wheat,9.283647629,26.07511975,17.07396934
504,Barley,9.012201636,26.09418442,16.93520475
505,Potatoes,10.57790538,26.13991281,17.69968041
506,Sugarbeet,9.477743081,26.10365671,17.17875076
507,Wheat,0.399741792,22.24290871,11.60340854
508,Barley,-0.324086285,22.13072621,11.1718225
509,Maize,3.029829937,22.26827998,12.88165885
510,Rice,2.437790421,22.41840607,12.64390156
511,Millet,3.777211923,24.84041227,14.10687909
512,Potatoes,-0.306500579,20.60655557,10.44493374
513,Winter Wheat,2.423075441,29.4657806,15.91411411
514,Spring Coarse Grains,9.888231874555283,25.393218405113757,17.946600193464324
515,Maize,2.423075435,29.4657806,15.91411411
516,Cotton,2.423075438,29.4657806,15.91411411
517,Beans (main),18.51975638,19.58725668,19.11607389
518,Beans (second),9.888231874555283,25.393218405113757,17.946600193464324
519,Maize (main),19.2850332,20.34687786,19.84404969
520,Maize (second),19.2850332,20.34687786,19.84404969
521,Maize,21.8774118,24.07118951,22.94893522
522,Millet (main),17.85818561,18.87147208,18.43778752
523,Millet (second),9.888231874555283,25.393218405113757,17.946600193464324
524,Millet,22.30753652,24.47834193,23.37498154
525,Cassava,22.22585594,24.38117238,23.28939554
526,Sweet Potato,22.12321399,24.20067143,23.1543978
527,Wheat,11.48040679,24.54847917,17.68421308
528,Barley,11.44553059,24.4090956,17.62753634
529,Maize,11.36259952,24.1221138,17.45563587
530,Rice,12.14326373,23.98757674,17.80830752
531,Sorghum,11.40196621,24.19170188,17.52322209
532,Potato,11.15720112,23.69734401,17.15828533
533,Sweet Potato,11.59495305,24.22685693,17.61742069
534,Sugarbeet,9.888231874555283,25.393218405113757,17.946600193464324
535,Soybean,11.94208261,24.45297167,17.87124006
536,Winter Cereals,9.888231874555283,25.393218405113757,17.946600193464324
537,Spring Coarse Grains,9.888231874555283,25.393218405113757,17.946600193464324
538,Maize,-0.697748594,27.35430315,13.68379837
539,Cotton,-0.725702366,27.34416155,13.66463687
540,Maize,25.21229519,27.07659058,25.94764978
541,Rice,25.29703005,27.67736008,26.34400937
542,Sorghum,25.70377794,28.05769133,26.65968542
543,Potato,23.37671132,24.74461781,23.91412075
544,Wheat,17.27946428,25.92689109,22.22972448
545,Maize,16.96600903,24.79735785,21.53782644
546,Millet,17.24912583,24.28123909,21.33457141
547,Sorghum,16.87288844,25.05837557,21.71096083
548,Wheat,15.56860754,24.27964211,21.10840641
549,Maize,15.52148508,23.85085312,20.8161518
550,Sorghum,15.38920378,24.68594765,21.13384044
551,Sorghum,12.23814311,25.27537942,18.77345579
552,Soybean,11.15266597,24.49985714,17.78879829
553,Soybean 2,9.888231874555283,25.393218405113757,17.946600193464324
554,Sunflower,9.384501541,23.39055616,16.27640011
555,Cotton,15.33531656,27.31942044,21.56092439
556,Sugarcane,9.888231874555283,25.393218405113757,17.946600193464324
557,Peanut,10.09770232,24.04166946,17.21843513
558,Canola,9.888231874555283,25.393218405113757,17.946600193464324
559,Aus rice,9.888231874555283,25.393218405113757,17.946600193464324
560,Aman rice,18.57606335,28.56138429,25.5160541
561,Boro rice,18.57606335,28.56138429,25.5160541
562,Corn (1),16.86703367,23.87849356,20.77739479
563,Winter Wheat,15.7105167,23.54937787,19.99871959
564,Winter Wheat,14.43462898,24.44203984,19.5143664
565,Soybean,18.06753602,24.35169516,21.73389801
566,Cotton,20.34612391,24.67074448,23.25970734
567,Cotton,23.35045131,26.13789812,25.05170873
568,Sugarcane,9.888231874555283,25.393218405113757,17.946600193464324
569,Sugarcane,9.888231874555283,25.393218405113757,17.946600193464324
570,Corn,-1.150047456,21.67001713,11.14336606
571,Winter Wheat,-0.815788765,21.58497459,11.17011658
572,Spring Wheat,-15.67506514,18.11219952,2.493574245
573,Barley,-15.22794133,17.51176484,2.376853509
574,Canola,9.888231874555283,25.393218405113757,17.946600193464324
575,Corn,-8.62403904,20.29779821,6.495905309
576,Soybean,-7.42593505,20.54212311,7.123540809
577,Single-crop rice,1.589605818,26.31700269,14.53093232
578,Early double-crop rice,8.275493424,28.43677205,18.81481434
579,Late double-crop rice,8.275493424,28.43677205,18.81481434
580,Spring wheat,-12.8122565,20.38983917,4.878273747
581,Winter wheat,-0.174752989,26.91140629,14.05546348
582,Corn,-8.115944197,24.76396634,9.463762269
583,Corn,6.777128989,24.25728443,16.21249305
584,Soybean,-10.33234203,23.81808282,7.882110751
585,Groundnuts,2.372061198,26.81205978,15.27842274
586,Winter Rapeseed,3.027951516,26.75938447,15.32775274
587,Cotton,-0.805978374,26.8662541,13.85157165
588,Sugarcane,9.888231874555283,25.393218405113757,17.946600193464324
589,Sugarbeet,-15.26990659,21.9158195,4.782208408
590,Spring Barley,-9.245357468,15.80334984,3.087597153
591,Oat,-9.245357457,15.80334984,3.087597158
592,Winter Wheat,3.533201634,18.54717117,10.78074332
593,Corn,4.131833023,19.37453495,11.46333075
594,Barley (winter),3.148514613,18.54368013,10.61864634
595,Rapeseed,3.04179367,18.59702509,10.60479593
596,Sunflower,4.336961143,19.675323,11.66932108
597,Sugarbeets,2.847402876,17.79849308,10.13614895
598,Winter Wheat,-0.45874614,17.24910624,8.515868334
599,Winter Barley,-0.512318713,17.20293483,8.47703847
600,Spring Barley,-0.512318713,17.20293483,8.47703847
601,Rye,-0.464005446,17.48638186,8.659283301
602,Rapeseed,-0.62883366,17.20105803,8.415972319
603,Sugarbeet,-0.130025386,17.35293416,8.715368781
604,Cotton,4.120564781,23.32039906,13.60626113
605,Corn,-1.737043968,20.6953818,10.50849362
606,Sunflower,-1.942047141,20.75391867,10.48242848
607,Winter Wheat,-1.833103745,20.71695881,10.48215354
608,Winter wheat,4.927451551,22.60850612,13.45363497
609,Corn,2.228690696,22.12967785,12.22073252
610,Sunflower,4.371757174,22.24012704,12.97470482
611,Corn,16.6420107,22.80546501,20.09375287
612,Winter Wheat,15.0596472,26.3374663,21.25402699
613,Sorghum (summer),15.95179828,23.25482123,19.82112785
614,Sorghum (winter),15.90057558,29.09912165,23.56186687
615,Winter wheat,12.25224837,33.6424075,23.96609657
616,Rice,12.87837328,33.77523357,24.42207269
617,Cotton,13.0978665,34.29929027,24.77497976
618,Sugarcane,9.888231874555283,25.393218405113757,17.946600193464324
619,Soybean,16.28862385,25.88359916,21.40915963
620,Cotton,16.85989607,26.39375211,21.95116111
621,Winter Wheat,-3.908356222,18.03821331,7.864709622
622,Rye,-4.287478099,18.19589568,7.80934681
623,Oats,-4.216626035,18.10033125,7.788774417
624,Rapeseed,-3.588511062,17.97921747,7.903102465
625,Sugarbeets,-3.783401913,18.13802144,7.945593079
626,Corn,-2.563426587,20.90186048,10.24317687
627,Wheat,-2.248619333,21.15408101,10.50650676
628,Winter Barley,-12.79281586,20.01496456,4.153397057
629,Sunflower,-8.629404214,21.8064491,7.113473476
630,Soft wheat,4.800395033,21.88868583,12.55689955
631,Durum wheat,8.307298909,24.88812157,15.78631053
632,Winter barley,4.766771298,22.00355032,12.56242106
633,Corn,5.634228206,22.30157334,13.21028785
634,Sunflower,6.300300851,23.51877851,14.04827071
635,Cotton,8.305288894,24.88151005,15.78253606
636,Rice,7.368268468,23.93897047,14.90569065
637,Spring barley,-3.091784187,16.02298143,6.162385089
638,Oats,-2.896163459,16.01853665,6.291444543
639,Winter Wheat,-2.880179463,16.11398186,6.332053664
640,Winter rapeseed,-2.465836267,16.1324086,6.567711402
641,Sorghum,-5.121439488,20.28097712,8.34367758
642,Spring Rapeseed,9.888231874555283,25.393218405113757,17.946600193464324
643,Spring Wheat,-4.842309957,20.11365483,8.372672554
644,Sugarbeets,-5.694371397,19.56380307,7.82066486
645,Sunseed,-4.970107712,21.11547523,8.759399867
646,Winter Rapeseed,-5.120914574,20.27929415,8.343206288
647,Winter wheat,3.417521409,15.65993542,9.150725687
648,Spring barley,3.279565329,15.05573574,8.77216468
649,Winter barley,3.279565329,15.05573574,8.77216468
650,Rapeseed,3.295497611,15.37071382,8.939149019
651,Sugarbeet,3.378773661,16.00716781,9.34977665
652,Winter Wheat,-7.752045599,20.2068663,6.777428479
653,Corn,10.99746215,25.53148306,18.63662469
654,Sugarcane,9.888231874555283,25.393218405113757,17.946600193464324
655,Sugarcane,9.888231874555283,25.393218405113757,17.946600193464324
656,Corn,9.888231874555283,25.393218405113757,17.946600193464324
657,Rice,25.55520358,27.38982033,26.39663297
658,Rice,16.54363241,24.44861809,20.74755313
659,Spring Grains,9.888231874555283,25.393218405113757,17.946600193464324
660,Winter Grains,9.888231874555283,25.393218405113757,17.946600193464324
661,Spring Wheat,4.927451551,22.60850612,13.45363497
662,Barley,4.451004233,22.46759894,13.20458283
663,Rice,2.022216751,22.19752046,12.14942328
664,Soybean,1.757255822,22.11581167,12.06428978
665,Rye,-2.357886648,16.13909443,6.6233675
666,Corn,-0.551949331,20.01793071,10.42188154
667,Winter Wheat,-0.554666803,20.02403339,10.42501627
668,Cotton,4.678454132,27.21737149,15.86826137
669,Soybeans,18.63558174,33.29426867,25.77735169
670,Rapeseed,15.58031572,32.49718476,25.19912011
671,Cotton,13.07191435,33.67387584,24.32394822
672,Rice (main crop),22.49050533,29.15136468,26.11943125
673,Rice (second crop),22.49050533,29.15136468,26.11943125
674,Rice (main crop),23.44577145,29.97572092,27.13032613
675,Rice (second crop),23.44577145,29.97572092,27.13032613
676,Corn,23.11319695,29.7735887,26.87183178
677,Sugarcane (rainfed),9.888231874555283,25.393218405113757,17.946600193464324
678,Sugarcane (irrigated),9.888231874555283,25.393218405113757,17.946600193464324
679,Sugarcane,9.888231874555283,25.393218405113757,17.946600193464324
680,Summer-autumn Rice,9.888231874555283,25.393218405113757,17.946600193464324
681,Tenth month Rice,17.41872954,29.18125287,24.23634367
682,Tenth month Rice,25.19394435,28.66523995,27.10157889
683,Winter-spring Rice,17.41872954,29.18125287,24.23634367
684,Winter-spring Rice,25.19394435,28.66523995,27.10157889
685,"Rice, main crop",24.68756152,27.56610215,26.16841565
686,"Rice, second crop",9.888231874555283,25.393218405113757,17.946600193464324
687,"Corn, first crop",24.56805358,26.8106529,25.69011245
688,"Corn, Dry season",24.762705,25.96302564,25.47391139
689,"Corn, rainy season",25.778353,27.20081643,26.52545109
690,Sugarcane,9.888231874555283,25.393218405113757,17.946600193464324
691,"Corn, second crop",9.888231874555283,25.393218405113757,17.946600193464324
692,Corn (2),16.86703367,23.87849356,20.77739479
693,Corn,10.59792283,24.09431291,17.31579219
694,Rice,13.64754518,25.93196616,19.59675642
695,Winter Wheat,9.819010997,23.64466617,16.62046733
696,Maize,9.312247207,21.9896531,16.5537566
697,Winter Wheat,8.794861392,22.54460346,16.32593266
698,Cotton,4.68827014,28.21947089,16.80073788
699,Soybean,7.219517802,25.55775282,16.99117559
700,Corn,22.71732834,28.2009882,25.91791061
701,Barley - spring,9.888231874555283,25.393218405113757,17.946600193464324
702,Barley - spring,5.846609666,22.39800361,13.82194118
703,Barley - spring,-6.552764417,18.89550863,6.364258957
704,Barley - spring,-6.23055084,18.97411241,6.140070338
705,Barley - spring,-1.796956036,25.75950845,12.04719015
706,Barley - spring,-7.647217152,20.24552783,6.698583311
707,Barley - spring,-15.62662724,20.58110702,4.133844978
708,Barley - spring,-7.778940777,19.20278541,5.863115757
709,Barley - spring,-5.67519553,23.13800097,8.67397003
710,Barley - spring,-1.384437459,21.73473136,9.300490654
711,Barley - spring,-15.1044399,20.53671515,4.001364197
712,Barley - spring,-1.16369819,19.28953454,8.636970734
713,Barley - spring,-10.63477715,22.71576185,6.703720477
714,Barley - spring,-5.074610707,20.83216316,7.408846038
715,Barley - spring,-1.872850197,19.93640197,8.87318314
716,Barley - spring,-10.73431701,21.14475529,6.319424145
717,Barley - spring,-7.885273477,19.81115395,5.88397444
718,Barley - winter,10.62274059,32.23721816,20.83468862
719,Barley - winter,5.846609666,22.39800361,13.82194118
720,Barley - winter,0.654833781,24.57949571,12.95582771
721,Barley - winter,-1.796956036,25.75950845,12.04719015
722,Barley - winter,0.579276156,25.42451638,13.83763711
723,Barley - winter,-0.054579649,24.45015823,12.64423204
724,Barley - winter,-1.384437459,21.73473136,9.300490654
725,Barley - winter,-0.976588523,24.11953199,11.92721438
726,Barley - winter,3.323853501,25.08574521,14.64477153
727,Barley - winter,2.009012871,28.1413414,15.53686862
728,Barley - winter,-2.936484841,22.69671518,10.3620413
729,Barley - winter,5.296552744,26.17919071,16.20615776
730,Barley - winter,6.5073499,27.91584038,17.81851181
731,Barley - winter,1.408506157,24.78505377,13.53952093
732,Beans - dry,7.459508073,24.18164909,15.808959
733,Beans - dry,-3.46399898,22.60376822,9.231260282
734,Beans - dry,-2.579196479,20.24223508,8.544646192
735,Beans - dry,-2.135307399,24.67517203,10.85751554
736,Beans - dry,-6.429267725,20.87970337,7.603444009
737,Beans - dry,-14.78792191,21.14598157,4.777965795
738,Beans - dry,-11.42852191,20.50011078,5.275565519
739,Beans - dry,-4.285334346,23.19610572,8.964919473
740,Beans - dry,1.563727985,23.9844099,12.72568126
741,Beans - dry,-5.395464404,20.84897123,8.065245283
742,Beans - dry,-15.21893758,20.80299431,4.169863045
743,Beans - dry,-3.914290876,22.48908652,9.194997686
744,Beans - dry,-1.493042328,20.11231433,9.098575628
745,Beans - dry,-5.855824814,20.69283339,7.040710128
746,Corn,5.38591023,26.08078743,16.43202848
747,Corn,8.056679733,28.13796033,17.73171833
748,Corn,3.274478192,27.32112409,16.02241376
749,Corn,7.287774573,24.42834322,15.92352382
750,Corn,-3.071777511,23.65844578,9.939312858
751,Corn,0.688986542,24.5332759,12.93209447
752,Corn,10.79267095,27.26348794,19.74706037
753,Corn,8.242957445,26.97828458,18.28193081
754,Corn,-3.116726054,22.2705038,9.257031382
755,Corn,-4.939431091,24.08570356,10.71932095
756,Corn,-4.115525165,23.416231,10.62684449
757,Corn,-8.44926139,23.39911048,8.625113642
758,Corn,-1.929363878,26.17084971,12.36692296
759,Corn,0.082488472,25.43098826,13.64573501
760,Corn,7.631208027,27.70214821,18.43544871
761,Corn,0.234730941,24.55333098,12.82097147
762,Corn,-5.888547942,21.63545381,8.416236944
763,Corn,-11.84701819,22.37728635,6.596632231
764,Corn,5.334404066,27.28278883,17.11526593
765,Corn,-3.078649607,25.50661593,12.12573591
766,Corn,-8.636365944,21.74347223,6.86945604
767,Corn,-5.701588075,24.45298431,9.814507846
768,Corn,-1.988427061,23.35769258,11.05982677
769,Corn,1.581374989,24.25926564,12.77405241
770,Corn,-5.840621049,20.8012695,7.869615459
771,Corn,4.98543437,25.90453245,15.84736054
772,Corn,-14.29359644,21.46651213,4.896379724
773,Corn,-4.254028967,22.6050678,9.955313604
774,Corn,1.264921159,26.84950945,14.27400684
775,Corn,-1.600967696,21.04380942,9.396414461
776,Corn,-3.313624701,22.39155579,10.03249135
777,Corn,6.884231131,26.7155445,17.31563382
778,Corn,-10.45886557,23.24697649,7.29369833
779,Corn,1.786652244,25.83892571,14.58546907
780,Corn,6.249222641,27.62203283,17.46435154
781,Corn,-4.683600102,21.64955179,8.088554707
782,Corn,1.811722252,24.82227142,13.75042355
783,Corn,-1.696467558,21.63407608,9.981750947
784,Corn,-1.435081837,22.87942915,11.34646486
785,Corn,-10.03675828,21.64129514,6.928452938
786,Corn,-4.567474022,21.61413284,7.892597085
787,Cotton,6.136760061,26.42444676,16.99748784
788,Cotton,10.44092883,31.95471502,20.61927334
789,Cotton,3.533872053,27.41238772,16.22322477
790,Cotton,7.255248888,26.00010624,16.53957919
791,Cotton,9.691694465,27.05862566,19.05093038
792,Cotton,8.391627114,27.07026932,18.41342499
793,Cotton,7.323912065,27.70297444,18.26300123
794,Cotton,5.179746906,27.41438334,17.12118664
795,Cotton,1.45867112,26.81772233,14.95767096
796,Cotton,4.481971407,25.98352405,15.28289703
797,Cotton,4.586996404,25.86227919,15.63947917
798,Cotton,2.692072356,28.4584844,15.91936241
799,Cotton,6.594894595,26.68103082,17.15185061
800,Cotton,2.328466492,26.52592292,15.21446669
801,Cotton,5.635380447,27.38404267,17.0438538
802,Cotton,3.269494737,25.49542155,14.80504115
803,Flaxseed,9.888231874555283,25.393218405113757,17.946600193464324
804,Oats - spring,-10.7339743,14.25583995,1.643188473
805,Oats - spring,6.849482541,23.68555632,15.09627138
806,Oats - spring,-5.120974698,20.63748807,7.648034672
807,Oats - spring,-4.895737109,18.77147385,6.72614424
808,Oats - spring,-6.482904772,23.35607777,9.613375716
809,Oats - spring,-4.778258121,22.92279001,9.976788584
810,Oats - spring,-8.328757483,23.3090527,8.687420383
811,Oats - spring,-2.172714189,26.50027429,12.65138819
812,Oats - spring,-12.19062065,18.6128379,3.90247847
813,Oats - spring,-6.939932943,20.67819542,7.291530709
814,Oats - spring,-13.50749499,21.48483258,5.483651535
815,Oats - spring,-3.264641012,25.29810483,11.91557362
816,Oats - spring,-8.980526335,20.19203627,5.895300929
817,Oats - spring,-6.421979944,24.12405114,9.318563423
818,Oats - spring,-6.168426291,20.37422408,7.531480456
819,Oats - spring,-13.60512485,20.89478891,4.665804457
820,Oats - spring,-4.290315562,21.99140986,9.616315089
821,Oats - spring,1.410847182,18.55487985,9.627153237
822,Oats - spring,-3.958269329,21.68279343,9.397929357
823,Oats - spring,-10.09951638,23.05347188,7.143544193
824,Oats - spring,-5.403324602,20.5857491,7.210760334
825,Oats - spring,-1.897855056,19.82760187,8.85613762
826,Oats - spring,-2.2605999,21.7761884,10.41386431
827,Oats - spring,-10.40656504,21.29455997,6.545252398
828,Oats - spring,-6.498802171,20.79598267,6.766482281
829,Oats - winter,4.197678983,27.50351244,16.58820553
830,Oats - winter,6.849482541,23.68555632,15.09627138
831,Oats - winter,8.133312138,27.01181358,18.23855126
832,Oats - winter,4.097755025,25.60196906,15.2729587
833,Oats - winter,2.000707858,27.88011101,15.36782518
834,Oats - winter,6.650362882,26.67806497,17.17196309
835,Oats - winter,6.957902277,28.49900218,18.45059175
836,Peanuts,8.658084048,27.00892159,18.54489316
837,Peanuts,10.62382039,27.17794889,19.59343732
838,Peanuts,8.434974,27.08939081,18.46536256
839,Peanuts,3.496644317,25.494313,14.6774805
840,Peanuts,3.999649218,25.65537804,15.23476486
841,Peanuts,2.611988223,28.05868574,15.7831815
842,Peanuts,6.917889797,26.6892702,17.33269459
843,Peanuts,5.507241646,27.68082645,17.12941863
844,Peanuts,3.209653099,25.47564738,14.77035961
845,Peas - dry edible,9.888231874555283,25.393218405113757,17.946600193464324
846,Potatoes,10.98031766,32.82602211,21.26185947
847,Potatoes,0.435219813,24.58746177,12.86391672
848,Potatoes,14.57625395,27.53834416,21.68471851
849,Potatoes,-5.927537208,19.887723,6.759043341
850,Potatoes,-12.1345719,18.61713153,3.930988262
851,Potatoes,0.452579922,24.71788185,13.02300504
852,Potatoes,-5.482376554,21.3025845,8.429718129
853,Potatoes,-6.74997109,21.07457018,7.60023429
854,Potatoes,-14.20276794,21.27317971,5.090114718
855,Potatoes,0.313941483,26.64987993,14.3891204
856,Potatoes,-6.665949968,18.36910716,5.643815732
857,Potatoes,-0.696939527,24.31818704,12.15841986
858,Potatoes,-4.974223225,20.67938951,8.187045155
859,Potatoes,5.209060084,25.82646262,15.86241412
860,Potatoes,-16.11684823,20.47655391,3.693155151
861,Potatoes,-4.621993418,22.02644348,9.444173597
862,Potatoes,-0.825414672,20.39811418,9.380995149
863,Potatoes,-4.056936871,21.59546753,9.277096956
864,Potatoes,-1.721168088,22.38679577,10.38787411
865,Potatoes,-3.786757448,20.84320147,7.866696915
866,Potatoes,-1.035114197,21.60359303,10.26688959
867,Potatoes,-11.10758869,20.85003328,5.959963863
868,Potatoes - fall,-7.533502332,18.0448464,5.678194747
869,Potatoes - fall,1.563522005,23.98409859,12.72540555
870,Potatoes - summer,9.888231874555283,25.393218405113757,17.946600193464324
871,Potatoes - summer,9.888231874555283,25.393218405113757,17.946600193464324
872,Rice,3.182900415,27.42818956,16.03117805
873,Rice,7.129973185,24.66056416,15.90545639
874,Rice,9.365295534,27.78849437,19.42967164
875,Rice,4.764147006,27.59329768,17.01743712
876,Rice,0.844875186,26.4886855,14.4651133
877,Rice,11.02222324,28.48601645,20.58740242
878,Rye,8.04279071,26.98543617,18.17656538
879,Rye,-4.479648689,23.26357605,10.35727914
880,Rye,-1.689841309,26.83403544,12.8788075
881,Rye,-0.084296407,24.42685608,12.60691737
882,Rye,-13.7977602,21.27763027,5.259633134
883,Rye,-6.303325019,23.71650753,8.962007879
884,Rye,-1.324942047,23.7360697,11.56228385
885,Rye,-5.532769377,20.88978606,8.076306644
886,Rye,4.337513653,25.74357903,15.47064255
887,Rye,-13.75773241,21.14788787,4.771686658
888,Rye,-4.248711457,22.01326325,9.641364298
889,Rye,1.743259826,28.07294169,15.32449544
890,Rye,-3.272223436,22.40249801,10.06145409
891,Rye,6.283316485,26.56496265,16.93053646
892,Rye,-11.8925512,22.5217354,6.246922424
893,Rye,4.305612932,27.50253438,16.3313941
894,Rye,0.756976638,23.78994174,12.76096752
895,Rye,-11.11455399,21.14054682,6.179235985
896,Sorghum,6.354405833,26.45550362,17.11495313
897,Sorghum,3.340750344,27.42320762,16.11295373
898,Sorghum,-1.857101061,24.71736691,11.20966003
899,Sorghum,8.086780735,26.96647221,18.23352026
900,Sorghum,-2.133317735,25.25679339,12.55008125
901,Sorghum,-2.023341415,26.53283511,12.57930947
902,Sorghum,-0.087648278,25.74638192,13.77032919
903,Sorghum,8.215150994,27.76082659,18.77907518
904,Sorghum,4.854216578,27.49534149,17.00295009
905,Sorghum,-1.514236143,25.89328922,13.03983645
906,Sorghum,-4.816879901,25.22610047,10.69302338
907,Sorghum,2.827503798,25.37526642,14.14249198
908,Sorghum,4.392062813,25.68559096,15.40971388
909,Sorghum,0.856360965,27.00432332,14.10319119
910,Sorghum,6.266557326,26.53965189,16.90495679
911,Sorghum,-8.294503254,23.80679239,8.085128428
912,Sorghum,2.355150484,26.60056001,15.26343264
913,Sorghum,8.020776337,28.04633217,18.72585546
914,Soybeans,4.918048241,25.99482022,16.16497871
915,Soybeans,3.338125608,27.43749183,16.1179652
916,Soybeans,0.615820974,24.55010422,12.91616431
917,Soybeans,10.0127261,27.18635608,19.31095011
918,Soybeans,7.696006867,26.8714213,17.9257422
919,Soybeans,-4.482409161,24.27538799,11.02336888
920,Soybeans,-4.057182633,23.42454257,10.65292313
921,Soybeans,-8.409478699,23.43793008,8.649410287
922,Soybeans,-2.168727383,26.42309415,12.79737382
923,Soybeans,0.102494499,25.51643869,13.69990947
924,Soybeans,8.369127777,27.75677274,18.86789887
925,Soybeans,0.548438058,24.71712112,13.05292754
926,Soybeans,-5.795867862,21.7471664,8.531488284
927,Soybeans,-12.25446789,22.25004523,6.359487509
928,Soybeans,4.858718196,27.36960884,16.93381098
929,Soybeans,-2.712780337,25.60351724,12.34989536
930,Soybeans,-6.136330421,24.62064291,9.877126513
931,Soybeans,-1.217567636,23.87627149,11.69321809
932,Soybeans,4.829121058,25.88640886,15.76298598
933,Soybeans,-14.71367675,21.40273606,4.716612086
934,Soybeans,-4.304090973,22.64705454,9.945678301
935,Soybeans,1.86186289,27.59594013,15.35718245
936,Soybeans,-3.113010089,22.62647435,10.23493977
937,Soybeans,6.550749861,26.70041926,17.13519956
938,Soybeans,-10.79835247,23.11892666,7.121020674
939,Soybeans,1.981403136,26.16320248,14.85186932
940,Soybeans,7.254256028,27.89812441,18.22764833
941,Soybeans,2.325993902,25.16049333,14.15293
942,Soybeans,-9.708307956,21.73366543,7.106450419
943,Sugarbeets,9.615851243,28.70408708,18.95612382
944,Sugarbeets,-2.995871431,23.07573906,9.583165516
945,Sugarbeets,-3.954162758,21.09275623,8.239981354
946,Sugarbeets,-6.365500076,20.96615585,7.700200273
947,Sugarbeets,-14.40629955,21.50042856,5.100682531
948,Sugarbeets,-9.234912069,21.69549274,6.653009126
949,Sugarbeets,-4.542467858,22.80691712,8.558370399
950,Sugarbeets,9.888231874555283,25.393218405113757,17.946600193464324
951,Sugarbeets,-15.45662659,20.94826447,4.219089496
952,Sugarbeets,-4.814162079,22.58723551,9.520693004
953,Sugarbeets,-2.368593792,21.13614603,9.075351942
954,Sugarbeets,9.888231874555283,25.393218405113757,17.946600193464324
955,Sugarbeets,0.281146684,22.12312502,11.09198209
956,Sugarbeets,-7.067172759,20.66980432,6.719066369
957,Sugarcane,9.888231874555283,25.393218405113757,17.946600193464324
958,Sugarcane,9.888231874555283,25.393218405113757,17.946600193464324
959,Sunflowers,-2.212816647,25.90895348,11.88393689
960,Sunflowers,-14.726706,20.90529632,4.349813737
961,Sweet potatoes,7.531367525,26.73683682,17.79275409
962,Sweet potatoes,7.673863133,27.71306094,18.50804681
963,Sweet potatoes,4.361121322,26.63470779,16.32593921
964,Sweet potatoes,-0.7735033,23.97852862,11.90976934
965,Sweet potatoes,4.383788599,25.79105291,15.49806638
966,Sweet potatoes,6.716108054,26.83429256,17.27867033
967,Wheat - spring,9.888231874555283,25.393218405113757,17.946600193464324
968,Wheat - spring,-4.942572871,19.53545119,7.068346892
969,Wheat - spring,-15.32564543,20.86710955,4.395701775
970,Wheat - spring,-9.753855175,20.08268073,5.659616344
971,Wheat - spring,-1.824639509,21.45872126,8.89114608
972,Wheat - spring,-14.29549417,20.79301988,4.410189279
973,Wheat - spring,9.888231874555283,25.393218405113757,17.946600193464324
974,Wheat - spring,-10.12369734,23.03090911,7.054051046
975,Wheat - spring,9.888231874555283,25.393218405113757,17.946600193464324
976,Wheat - spring,9.888231874555283,25.393218405113757,17.946600193464324
977,Wheat - spring,9.888231874555283,25.393218405113757,17.946600193464324
978,Wheat - spring,9.888231874555283,25.393218405113757,17.946600193464324
979,Wheat - winter,5.757461296,26.31026419,16.74709453
980,Wheat - winter,11.52945797,32.79957281,21.62017953
981,Wheat - winter,3.395067617,27.45197037,16.148381
982,Wheat - winter,7.849901447,25.93431722,16.77688819
983,Wheat - winter,-3.069013429,23.46465637,9.856779686
984,Wheat - winter,0.543371411,24.54897114,12.88593115
985,Wheat - winter,9.601422254,27.15728952,19.06633063
986,Wheat - winter,7.62719759,26.87902512,17.91586588
987,Wheat - winter,-4.942572871,19.53545119,7.068346892
988,Wheat - winter,-2.767279506,25.01716616,12.14409818
989,Wheat - winter,-3.397958988,23.81278813,11.15392329
990,Wheat - winter,-7.034861553,23.98025564,9.600132548
991,Wheat - winter,-1.858939868,26.47198095,12.52922346
992,Wheat - winter,0.334531848,25.53562711,13.80176463
993,Wheat - winter,7.980020618,27.75574143,18.64556205
994,Wheat - winter,0.408055329,24.70540984,12.99003716
995,Wheat - winter,-5.996156776,21.51260387,8.26731169
996,Wheat - winter,9.888231874555283,25.393218405113757,17.946600193464324
997,Wheat - winter,5.066242494,27.46269912,17.08816889
998,Wheat - winter,-1.694907274,25.85990384,12.94808748
999,Wheat - winter,-9.753855175,20.08268073,5.659616344
1000,Wheat - winter,-4.076698559,23.95734679,9.727481318
1001,Wheat - winter,-1.824639509,21.45872126,8.89114608
1002,Wheat - winter,-1.18956611,23.93005016,11.72487043
1003,Wheat - winter,2.516704399,25.28251633,13.89825183
1004,Wheat - winter,-5.384936492,20.96725157,8.11292092
1005,Wheat - winter,4.719512595,25.81607742,15.67282069
1006,Wheat - winter,9.888231874555283,25.393218405113757,17.946600193464324
1007,Wheat - winter,-4.51075777,22.57763888,9.796211057
1008,Wheat - winter,1.435921513,27.96038371,15.05551529
1009,Wheat - winter,0.164136304,20.42110644,9.914778043
1010,Wheat - winter,-3.06640063,22.6446008,10.26620595
1011,Wheat - winter,6.509511249,26.66205882,17.09539691
1012,Wheat - winter,-10.12369734,23.03090911,7.054051046
1013,Wheat - winter,1.8072065,26.03050719,14.69553621
1014,Wheat - winter,4.126709848,27.52053322,16.21174361
1015,Wheat - winter,-4.381898909,21.69065103,8.257452985
1016,Wheat - winter,2.294697142,25.11630019,14.11340661
1017,Wheat - winter,-1.845664857,20.63169559,9.295749838
1018,Wheat - winter,-1.074640437,23.48673339,11.78181162
1019,Wheat - winter,-9.307286195,21.50012277,7.044541236
1020,Wheat - winter,-3.96713143,21.19702264,7.770499547
1021,Paddy - I,24.06508174,33.16796139,28.44116952
1022,Paddy - I,21.50536327,30.51983533,26.18568648
1023,Paddy - I,22.21563833,33.69048345,27.46046373
1024,Paddy - I,22.47492017,33.05066777,27.29224485
1025,Paddy - I,23.35183897,32.50149627,27.77274007
1026,Paddy - I,22.47215244,33.75936318,27.62864295
1027,Paddy - II,23.71003118,32.9010267,28.0683592
1028,Bajra,23.37453379,32.86016956,27.91589395
1029,Bajra,24.59959392,33.67821807,28.99425641
1030,Bajra,21.96940478,30.96977672,26.77068752
1031,Bajra,23.50784544,33.53179131,28.21032617
1032,Jowar (Kharif),22.28707942,32.73607165,27.03848384
1033,Jowar (Kharif),23.37453379,32.86016956,27.91589395
1034,Jowar (Kharif),23.89976652,33.45168358,28.45337033
1035,Jowar (Kharif),21.59810061,33.77935302,27.12092162
1036,Jowar (Rabi),24.59959393,33.67821807,28.99425641
1037,Jowar (Rabi),23.37453379,32.86016956,27.91589395
1038,Groundnut (Kharif),23.02838146,31.59034593,27.14516224
1039,Groundnut (Kharif),23.16237784,31.9642567,27.42175981
1040,Groundnut (Kharif),22.53986587,33.75611278,27.68151512
1041,Groundnut (Kharif),21.86498067,30.66102407,26.59599141
1042,Groundnut (Rabi),9.888231874555283,25.393218405113757,17.946600193464324
1043,Groundnut (Rabi),9.888231874555283,25.393218405113757,17.946600193464324
1044,Cotton,23.37453379,32.86016956,27.91589396
1045,Cotton,23.86281968,33.28887147,28.31706289
1046,Cotton,24.59959392,33.67821807,28.99425641
1047,Paddy (Summer),9.888231874555283,25.393218405113757,17.946600193464324
1048,Paddy (Summer),9.888231874555283,25.393218405113757,17.946600193464324
1049,Paddy (Kharif),16.95646248,28.19800044,24.10031149
1050,Paddy (Kharif),16.61417587,28.43221815,23.91815289
1051,Paddy (Kharif),16.99663392,28.10613285,23.82834304
1052,Paddy (Kharif),16.96889398,27.07102227,23.58645056
1053,Paddy (Kharif),16.91370874,28.28881831,23.85041014
1054,Paddy (Kharif),15.99399456,28.26261189,23.24123739
1055,Paddy (Rabi),16.15129498,28.11070837,23.22573189
1056,Sugarcane,9.888231874555283,25.393218405113757,17.946600193464324
1057,Mustard,9.888231874555283,25.393218405113757,17.946600193464324
1058,Mustard,9.888231874555283,25.393218405113757,17.946600193464324
1059,Mustard,9.888231874555283,25.393218405113757,17.946600193464324
1060,Rape,16.02242357,28.27355257,23.26002363
1061,Jute,9.888231874555283,25.393218405113757,17.946600193464324
1062,Bajra (Kharif),18.65495468,33.2169591,26.84471277
1063,Bajra (Kharif),18.61238062,32.4692933,26.7604479
1064,Bajra (Kharif),20.26931379,31.1278511,26.66194064
1065,Cotton,19.6050308,31.84013368,26.64654921
1066,Cotton,20.2257709,32.66615141,27.07849339
1067,Wheat,20.35412205,31.11613367,26.58416152
1068,Wheat (Rabi),19.44235512,33.29707356,26.97057495
1069,Paddy (Kharif),22.14644278,31.71931768,27.37007094
1070,Groundnut,20.31433095,30.41181482,26.38368655
1071,Maize,19.69746191,33.05633368,26.58888771
1072,Gram (Rabi),9.888231874555283,25.393218405113757,17.946600193464324
1073,Mustard (Rabi),9.888231874555283,25.393218405113757,17.946600193464324
1074,Castor (Kharif),9.888231874555283,25.393218405113757,17.946600193464324
1075,Tobacco,9.888231874555283,25.393218405113757,17.946600193464324
1076,Tur,9.888231874555283,25.393218405113757,17.946600193464324
1077,Wheat,6.094372558,22.90576151,15.54566343
1078,Wheat,10.80860317,30.25860848,21.45613034
1079,Wheat,10.80471067,28.89567046,20.78646802
1080,Wheat,5.245855856,20.10466732,13.63658064
1081,Tomato,9.888231874555283,25.393218405113757,17.946600193464324
1082,Peas (Kharif),9.888231874555283,25.393218405113757,17.946600193464324
1083,Peas (Kharif),9.888231874555283,25.393218405113757,17.946600193464324
1084,Peas (Rabi),9.888231874555283,25.393218405113757,17.946600193464324
1085,Maize (Kharif),10.10111162,29.05213512,20.56336024
1086,Maize (Kharif),7.350927278,24.51336651,16.94885475
1087,Barley,5.245855892,20.10466736,13.63658067
1088,Barley,5.721607731,22.32596394,15.12556558
1089,Potato,7.579297884,24.3661781,17.06339685
1090,Potato,5.245855888,20.10466735,13.63658067
1091,Paddy (Kharif),8.503189463,25.89957293,18.18684668
1092,Bean,9.888231874555283,25.393218405113757,17.946600193464324
1093,Gram,9.888231874555283,25.393218405113757,17.946600193464324
1094,Paddy,23.44935009,28.27326928,25.40634582
1095,Paddy,21.21819601,28.34620865,24.51651823
1096,Paddy (Rabi),21.06498168,28.49252622,24.60227288
1097,Paddy,22.9326456,31.06790554,26.61364546
1098,Paddy,25.53568115,29.09534688,26.78519848
1099,Paddy,21.69335694,28.81800454,24.813574
1100,Paddy,21.46160676,25.82255202,23.00278836
1101,Paddy,22.72630239,29.3165206,25.43723681
1102,Paddy,21.85141464,27.18548008,23.94584781
1103,Paddy,20.82997043,26.54985931,23.04809425
1104,Wheat,22.48890474,29.27641886,25.26306899
1105,Wheat,22.72630239,29.31652059,25.43723681
1106,Wheat,23.09204189,31.88033871,27.14002576
1107,Cotton,22.48890474,29.27641886,25.26306898
1108,"Cotton (Hybrid, irrigated)",9.888231874555283,25.393218405113757,17.946600193464324
1109,Cotton (unirrigated),9.888231874555283,25.393218405113757,17.946600193464324
1110,Cotton (Hybrid),22.93264561,31.06790554,26.61364547
1111,Groundnut,9.888231874555283,25.393218405113757,17.946600193464324
1112,Groundnut,21.85141464,27.18548008,23.94584781
1113,Groundnut,22.63091072,29.30040682,25.36725229
1114,Groundnut,22.900868,32.72054124,27.36464813
1115,Jowar,22.72630239,29.31652059,25.43723681
1116,Jowar,22.38203877,30.58918912,26.13033571
1117,Sugarcane,9.888231874555283,25.393218405113757,17.946600193464324
1118,Sugarcane,9.888231874555283,25.393218405113757,17.946600193464324
1119,Paddy - I,25.43153413,29.17531892,26.8326107
1120,Paddy - I,26.02793826,28.99748904,27.11539706
1121,Paddy - I,25.18712148,28.9911979,26.43806097
1122,Paddy - II,25.35643554,29.00012671,26.79711712
1123,Paddy - II,25.486878,29.08500088,26.60500218
1124,Paddy - II,25.98915572,29.08826255,27.11483893
1125,Paddy - III,9.888231874555283,25.393218405113757,17.946600193464324
1126,Pulses,25.32561453,29.12542066,26.79765514
1127,Tapioca,9.888231874555283,25.393218405113757,17.946600193464324
1128,Jowar (Kharif),21.60778587,33.31070119,26.79823498
1129,Jowar (Kharif),21.41030491,34.25404672,27.1274125
1130,Jowar (Kharif),21.39823511,31.27559271,25.85305746
1131,Jowar (Kharif),21.13642506,34.92516729,27.33902981
1132,Jowar (Kharif),21.91758077,30.30072506,25.57234706
1133,Jowar (Rabi),21.31705938,31.34554613,25.83885565
1134,Jowar (Rabi),22.32815536,30.88972847,26.15268371
1135,Jowar (Rabi),21.67980297,33.37809857,26.88107008
1136,Wheat,20.77681918,34.83575304,27.11021037
1137,Wheat,20.75960289,35.16342332,27.34585136
1138,Wheat,20.75121372,30.04084406,25.03725518
1139,Wheat,21.24052413,32.19376571,26.15648185
1140,Cotton (Kharif),21.07938185,34.83353023,27.19491532
1141,Cotton (Kharif),21.58420725,34.46638677,27.32068418
1142,Cotton (Kharif),21.74890297,33.30018865,26.86719747
1143,Cotton (Kharif),21.31610518,33.65455619,26.86430855
1144,Groundnut (Kharif),20.88698789,33.62364378,26.66982804
1145,Groundnut (Kharif),22.03771102,29.37742367,25.18086955
1146,Groundnut (Rabi),9.888231874555283,25.393218405113757,17.946600193464324
1147,Gram,9.888231874555283,25.393218405113757,17.946600193464324
1148,Gram,9.888231874555283,25.393218405113757,17.946600193464324
1149,Gram,9.888231874555283,25.393218405113757,17.946600193464324
1150,Paddy (Kharif),23.48496558,29.91992273,26.61725272
1151,Paddy (Kharif),20.5317295,35.03437272,27.21887884
1152,Safflower,9.888231874555283,25.393218405113757,17.946600193464324
1153,Safflower,9.888231874555283,25.393218405113757,17.946600193464324
1154,Bajra (Kharif),21.0480054,31.58748402,25.83916916
1155,Bajra (Kharif),21.53702057,29.85771478,25.25451566
1156,Tur/Arhar (Kharif),9.888231874555283,25.393218405113757,17.946600193464324
1157,Tur/Arhar (Kharif),9.888231874555283,25.393218405113757,17.946600193464324
1158,Sunflower (Kharif),22.33107528,31.93728661,26.69241639
1159,Soyabean (Kharif),20.9739826,33.92008052,26.73351216
1160,Sugarcane,9.888231874555283,25.393218405113757,17.946600193464324
1161,Paddy (Kharif),21.68609951,31.36701117,27.22367207
1162,Paddy (Kharif),19.90688953,31.50062775,25.71626072
1163,Paddy (Kharif),21.03321061,29.59088907,25.92154096
1164,Paddy (Kharif),18.90648422,33.08316459,26.00224578
1165,Paddy (Kharif),19.78146005,32.92346265,26.22668823
1166,Paddy (Kharif),19.15788488,31.21504455,25.53931153
1167,Paddy (Kharif),21.64532089,30.50575467,26.77940201
1168,Paddy (Kharif),20.91680025,31.17260521,26.89216817
1169,Paddy (Rabi),21.68609951,31.36701117,27.22367207
1170,Groundnut (Rabi),20.39405441,32.3185451,26.58660128
1171,Groundnut (Rabi),19.69864076,33.29534703,26.3714297
1172,Groundnut (Kharif),9.888231874555283,25.393218405113757,17.946600193464324
1173,Mustard,9.888231874555283,25.393218405113757,17.946600193464324
1174,Mustard,9.888231874555283,25.393218405113757,17.946600193464324
1175,Mustard,9.888231874555283,25.393218405113757,17.946600193464324
1176,Maize (Kharif),19.11852581,30.04573465,24.73749906
1177,Maize (Kharif),19.15788488,31.21504455,25.53931153
1178,Mung,19.94432767,32.19213633,25.94204802
1179,Mung,20.91695087,31.17281525,26.8922186
1180,Mung,18.90648422,33.08316459,26.00224578
1181,Ragi (Kharif),21.0332106,29.59088907,25.92154096
1182,Bajra (Kharif),16.20468772,33.3021176,26.01611241
1183,Bajra (Kharif),16.02915967,33.94454926,26.29037766
1184,Bajra (Kharif),15.40190509,34.32262803,25.79522934
1185,Bajra (Kharif),14.28321486,34.50487757,25.57863103
1186,Bajra (Kharif),15.12538296,33.41741212,25.24872809
1187,Bajra (Kharif),15.51981843,33.78649297,25.82752734
1188,Bajra (Kharif),14.41001089,33.41038712,24.94725559
1189,Bajra (Kharif),15.56415543,33.305058,25.38952504
1190,Bajra (Kharif),14.27495104,35.06637736,26.02731104
1191,Wheat,15.27548416,33.74658718,25.5733639
1192,Wheat,16.97229458,34.43703096,26.2197978
1193,Wheat,15.2559735,34.38281042,25.75607935
1194,Wheat,16.83663851,33.01750958,25.46886561
1195,Wheat,14.92177076,33.3771593,25.15252003
1196,Wheat,16.65043565,33.89925068,25.94243368
1197,Mustard,9.888231874555283,25.393218405113757,17.946600193464324
1198,Mustard,9.888231874555283,25.393218405113757,17.946600193464324
1199,Mustard,9.888231874555283,25.393218405113757,17.946600193464324
1200,Mustard,9.888231874555283,25.393218405113757,17.946600193464324
1201,Jowar (Kharif),15.56415543,33.305058,25.38952503
1202,Jowar (Kharif),16.20412662,33.97235373,26.01587745
1203,Jowar (Kharif),17.2305541,32.87451805,25.4622971
1204,Gram,14.28321486,34.50487757,25.57863103
1205,Gram,16.73224735,33.65444028,25.83218381
1206,Gram,17.019582,33.4912833,26.24261578
1207,Groundnut (Kharif),16.83462811,33.27505442,25.66324318
1208,Paddy (Kharif),18.7768783,33.13729988,26.13889315
1209,Paddy - I,24.22695411,28.30905649,26.10471735
1210,Paddy - I,23.05151147,30.47692666,26.67891914
1211,Paddy - I,25.71974424,28.17878423,26.53122675
1212,Paddy - I,25.8101218,30.262878,28.09808735
1213,Paddy - I,26.32726946,29.30001573,27.62372342
1214,Paddy - I,25.16071077,31.73550527,28.5705032
1215,Paddy - I,25.17835462,30.91616071,28.10158533
1216,Paddy - II,25.8101218,30.262878,28.09808735
1217,Paddy - II - unirrigated,9.888231874555283,25.393218405113757,17.946600193464324
1218,Paddy - II,25.61985568,30.30575206,28.01838769
1219,Paddy - II,24.27370646,32.69531035,28.45553634
1220,Paddy - II,25.09499368,31.53318729,28.45400744
1221,Paddy - II,25.93932322,29.18613541,27.453019
1222,Paddy - II,25.17835462,30.91616071,28.10158533
1223,Paddy - II,24.24762566,28.88729072,26.3445884
1224,Paddy - II,23.05151147,30.47692666,26.67891914
1225,Paddy - III,9.888231874555283,25.393218405113757,17.946600193464324
1226,Paddy - III,9.888231874555283,25.393218405113757,17.946600193464324
1227,Paddy - III,9.888231874555283,25.393218405113757,17.946600193464324
1228,Cotton,26.32726946,29.30001573,27.62372342
1229,Cotton,24.70687982,28.64186332,26.56160634
1230,Cotton,24.37343421,30.11127978,26.93978693
1231,Cotton,24.50615428,31.67333859,28.18141268
1232,Cotton,25.4537365,28.04036132,26.3587847
1233,Cotton,25.82953475,29.37110497,27.43047598
1234,Cotton,23.81545889,28.6838966,25.94562904
1235,Cumbu I,9.888231874555283,25.393218405113757,17.946600193464324
1236,Cumbu I,9.888231874555283,25.393218405113757,17.946600193464324
1237,Cumbu I,9.888231874555283,25.393218405113757,17.946600193464324
1238,Cumbu II,9.888231874555283,25.393218405113757,17.946600193464324
1239,Cumbu II,9.888231874555283,25.393218405113757,17.946600193464324
1240,Cholam,9.888231874555283,25.393218405113757,17.946600193464324
1241,Cholam,9.888231874555283,25.393218405113757,17.946600193464324
1242,Cholam,9.888231874555283,25.393218405113757,17.946600193464324
1243,Ragi,9.888231874555283,25.393218405113757,17.946600193464324
1244,Ragi,9.888231874555283,25.393218405113757,17.946600193464324
1245,Groundnut,24.06480794,31.04464067,27.51812946
1246,Groundnut,26.11864405,30.16675715,28.2058076
1247,Sorghum,9.888231874555283,25.393218405113757,17.946600193464324
1248,Pulses,23.95344894,30.92700389,27.47171934
1249,Sugarcane,9.888231874555283,25.393218405113757,17.946600193464324
1250,Aman paddy/Kharif,18.51850346,30.5849759,26.17100927
1251,Aman paddy/Kharif,17.00433311,28.37977284,24.41793498
1252,Aman paddy/Kharif,19.03508055,31.66977362,26.33745201
1253,Aman paddy/Kharif,19.85584412,31.21651062,26.61604382
1254,Aman paddy/Kharif,19.64027677,30.31118315,26.48333229
1255,Boro paddy/Rabi,18.51850346,30.5849759,26.17100927
1256,Boro paddy/Rabi,19.64027677,30.31118315,26.48333229
1257,Boro paddy/Rabi,19.85584412,31.21651062,26.61604382
1258,Boro paddy/Rabi,17.00433311,28.37977284,24.41793498
1259,Summer paddy/Aus,9.888231874555283,25.393218405113757,17.946600193464324
1260,Summer paddy/Aus,9.888231874555283,25.393218405113757,17.946600193464324
1261,Jute,9.888231874555283,25.393218405113757,17.946600193464324
1262,Jute,9.888231874555283,25.393218405113757,17.946600193464324
1263,Jute,9.888231874555283,25.393218405113757,17.946600193464324
1264,Wheat,18.79507873,31.42158482,26.30124785
1265,Potato,19.43767961,31.28626422,26.62084896
1266,Mustard,9.888231874555283,25.393218405113757,17.946600193464324
1267,Wheat,8.766255384,24.56441386,16.90324326
1268,Barley,8.714628931,24.38568851,16.77450659
1269,Corn,8.817304055,24.35047021,16.78690872
1270,Oats,8.721710113,24.38705195,16.78524974
1271,Sorghum,8.683509743,23.94319651,16.726989
1272,Rice,8.755810621,24.35759217,16.61607238
1273,Cotton,8.881342344,24.44076605,17.05087971
1274,Broom Millet,8.753440311,23.96479406,16.59331864
1275,Wheat,11.81667068,25.87478556,19.59299654
1276,Barley,11.31684302,25.284226,19.02346211
1277,Corn,14.05823615,25.75758454,20.66111329
1278,Oats,12.91689813,26.06432365,20.25533136
1279,Sorghum,12.47480504,26.00555771,20.01284058
1280,Peanuts,14.26737829,25.88703473,20.85026509
1281,Cotton,11.60108658,25.74121498,19.40984718
1282,Broom Millet,11.53915926,25.39589707,19.2006601
1283,Wheat,10.41266115,22.50934193,16.37228698
1284,Barley,10.20848212,22.47368138,16.23230331
1285,Oats,10.29786506,22.44004334,16.26656708
1286,Early Potatoes,9.888231874555283,25.393218405113757,17.946600193464324
1287,Late Potatoes,9.888231874555283,25.393218405113757,17.946600193464324
1288,Flax,9.888231874555283,25.393218405113757,17.946600193464324
1289,Wheat,8.726796819,22.36522211,15.42336424
1290,Barley,8.814478747,22.36622935,15.46964823
1291,Corn,8.111310712,21.53324883,14.68373962
1292,Oats,8.614945457,22.11909453,15.22815615
1293,Early Potatoes,9.888231874555283,25.393218405113757,17.946600193464324
1294,Late Potatoes,9.888231874555283,25.393218405113757,17.946600193464324
1295,Broom Millet,8.221345086,21.84945006,14.89645735
1296,Flax,9.888231874555283,25.393218405113757,17.946600193464324
1297,Wheat,11.39830938,24.97380005,17.96055597
1298,Barley,10.89395673,23.41214909,16.98264798
1299,Corn,19.40133069,29.71757344,25.51261119
1300,Oats,11.38700279,24.74321455,17.85244017
1301,Sorghum,17.26117483,27.57032151,23.12566471
1302,Rice,9.888231874555283,25.393218405113757,17.946600193464324
1303,Cotton,20.81374837,30.9907611,26.91946479
1304,Broom Millet,11.87120626,23.4979964,17.52846603
1305,Spring Wheat,-15.69708905,20.17085771,2.411173493
1306,Spring Barley,-15.69670295,20.17047364,2.411126203
1307,Oats,-15.69798697,20.1717509,2.41128347
1308,Rye,-15.69846407,20.17222548,2.411341904
1309,Millet,9.888231874555283,25.393218405113757,17.946600193464324
1310,Buckwheat,9.888231874555283,25.393218405113757,17.946600193464324
1311,Winter Wheat,-15.54369203,19.59689744,2.711785339
1312,Rye,-15.54369203,19.59689744,2.711785338
1313,Spring Wheat,-15.54369203,19.59689744,2.711785339
1314,Spring Barley,9.888231874555283,25.393218405113757,17.946600193464324
1315,Oats,9.888231874555283,25.393218405113757,17.946600193464324
1316,Winter Wheat,-5.250608027,18.546661,7.595706547
1317,Winter Rye,-5.426432895,18.27146233,7.385970141
1318,Spring Barley,-5.347964718,18.89979046,7.721104159
1319,Oats,-5.402674985,18.37147602,7.451131551
1320,Corn,-5.215181573,19.08757991,7.874053204
1321,Buckwheat,9.888231874555283,25.393218405113757,17.946600193464324
1322,Millet,-5.347536124,18.66082363,7.612448649
1323,Spring Wheat,-16.25441276,19.81059664,2.399757809
1324,Rye,-16.25387008,19.81477491,2.402212719
1325,Spring Barley,-16.25456596,19.80941704,2.399064744
1326,Oats,-16.25405786,19.81332913,2.401363266
1327,Winter Wheat,-6.373372905,21.20053472,8.129371625
1328,Rye,-6.254236392,21.19759432,8.18850642
1329,Spring Barley,-5.873414562,21.25641431,8.411829393
1330,Oats,-6.252655366,21.18878871,8.185876489
1331,Corn,-5.762625089,21.2819176,8.474464386
1332,Millet,-6.034723321,21.23453797,8.318585758
1333,Winter Wheat,-5.515088227,20.3255643,8.233150215
1334,Spring Barley,-5.515088227,20.3255643,8.233150214
1335,Oats,-5.515088226,20.3255643,8.233150215
1336,Corn,-5.515088226,20.3255643,8.233150215
1337,Winter Wheat,-8.689649196,19.10888765,6.069419998
1338,Rye,-8.678638415,19.11076246,6.076705603
1339,Spring Barley,-8.694883804,19.10799636,6.065956367
1340,Oats,-8.692984645,19.10831973,6.067213001
1341,Winter Wheat,-7.058344104,19.37656952,7.058746135
1342,Rye,-7.025166169,19.23820075,7.007285983
1343,Spring Barley,-6.836616341,19.71177377,7.329629105
1344,Oats,-7.054549644,19.30244458,7.024411725
1345,Corn,-6.639423362,19.78452601,7.46057053
1346,Buckwheat,9.888231874555283,25.393218405113757,17.946600193464324
1347,Millet,-6.890557478,19.54587546,7.222569806
1348,Spring Wheat,-17.87765965,19.55656936,1.063433268
1349,Spring Barley,-17.88479751,19.55273663,1.053763586
1350,Oats,-17.87754564,19.55822708,1.060562785
1351,Rye,-17.86072323,19.56659527,1.084206052
1352,Spring Wheat,-14.60970183,21.51655239,4.088115216
1353,Rye,-14.60564345,21.52588288,4.094483383
1354,Spring Barley,-14.61085068,21.5139111,4.086312508
1355,Oats,-14.60704581,21.52265877,4.09228289
1356,Winter Wheat,-5.685227448,23.02518384,9.159602572
1357,Spring Barley,-5.684405914,23.02729416,9.160820777
1358,Oats,-5.684702818,23.02653149,9.160380516
1359,Corn,-5.684977965,23.02521315,9.159735141
1360,Millet,-5.684825025,23.02621757,9.160199303
1361,Winter Wheat,-11.20445644,21.74067251,5.848661469
1362,Spring Wheat,-11.20445644,21.74067251,5.848661469
1363,Rye,-11.20580601,21.74192792,5.848605188
1364,Spring Barley,-11.20407806,21.74032051,5.848677248
1365,Oats,-11.20533739,21.74149199,5.848624731
1366,Winter Wheat,-1.69759187,22.00508689,10.3397306
1367,Rye,-2.497919188,21.94252192,10.0156781
1368,Spring Barley,-2.055391629,21.97711617,10.19485749
1369,Oats,-1.845186049,21.99354883,10.27996972
1370,Corn,-2.956113884,21.9067029,9.830155082
1371,Millet,-2.192047698,21.96643319,10.13952545
1372,Winter Wheat,-3.488549659,23.10550042,10.13111885
1373,Spring Barley,-3.332603771,22.9197535,10.09923712
1374,Oats,-3.332603773,22.91975342,10.09923708
1375,Corn,-3.585048738,23.19143636,10.09198689
1376,Millet,-3.53795649,23.34269284,10.18301827
1377,Winter Wheat,-8.86628077,20.41813423,6.533354813
1378,Rye,-8.85979633,20.4208646,6.537543269
1379,Spring Barley,-8.869313254,20.41685736,6.531396059
1380,Oats,-8.868216734,20.41731906,6.532104327
1381,Corn,-8.865675094,20.41837424,6.533742572
1382,Buckwheat,9.888231874555283,25.393218405113757,17.946600193464324
1383,Millet,-8.867765593,20.41750902,6.53239573
1384,Barley,-0.216867925,18.42579099,9.197997368
1385,Rye,-0.247107554,18.48597275,9.243956803
1386,Oats,2.611630458,20.65621802,11.57821576
1387,Barley,-0.710225435,19.96156969,10.16513731
1388,Rye,-0.710026565,19.96122759,10.16490106
1389,Oats,-0.716634344,19.95147753,10.15670186
1390,Barley,0.033556707,15.75324812,7.805502259
1391,Winter Rapeseed,0.033556707,15.75324812,7.805502259
1392,Winter Wheat,0.033556706,15.75324812,7.805502259
1393,Spring Wheat,-7.061003808,24.1776238,9.567279426
1394,Spring Barley,-7.045911915,24.18099766,9.575236415
1395,Winter Wheat,-7.061003808,24.1776238,9.567279426
1396,Winter Barley,-7.045911915,24.18099766,9.575236415
1397,Oats,10.25727712,23.97728761,17.06922907
1398,Cotton,24.83726408,28.37646038,26.32849055
1399,Peanuts,24.84510024,28.39557366,26.34035235
1400,Sweet Potatoes,24.83703204,28.37587341,26.32815349
1401,Cotton,18.21790208,21.63585151,20.06848511
1402,Flax,9.888231874555283,25.393218405113757,17.946600193464324
1403,Castorseed,9.888231874555283,25.393218405113757,17.946600193464324
1404,Flaxseed,9.888231874555283,25.393218405113757,17.946600193464324
1405,Nigerseed,9.888231874555283,25.393218405113757,17.946600193464324
1406,Peanuts,18.21843312,21.63599559,20.06881287
1407,Rapeseed,9.888231874555283,25.393218405113757,17.946600193464324
1408,Sesame,9.888231874555283,25.393218405113757,17.946600193464324
1409,Sunflower,24.72019475,28.2770275,26.15121413
1410,Bananas,9.888231874555283,25.393218405113757,17.946600193464324
1411,Dry Beans,9.888231874555283,25.393218405113757,17.946600193464324
1412,Chickpeas,9.888231874555283,25.393218405113757,17.946600193464324
1413,Lentils,9.888231874555283,25.393218405113757,17.946600193464324
1414,Potatoes,18.21843312,21.63599558,20.06881287
1415,Sweet Potatoes,18.21843312,21.63599559,20.06881287
1416,Corn,2.451210867,27.4914902,15.28233044
1417,Sorghum,9.888231874555283,25.393218405113757,17.946600193464324
1418,Cotton,2.456352986,27.43647023,15.21921382
1419,Sesame,9.888231874555283,25.393218405113757,17.946600193464324
1420,Flaxseed,9.888231874555283,25.393218405113757,17.946600193464324
1421,Corn,8.578876112,34.12174419,21.65892099
1422,Rice,10.70118757,35.76965983,23.82233575
1423,Cotton,4.941713182,31.28038939,17.79386673
1424,Sesame,9.888231874555283,25.393218405113757,17.946600193464324
1425,Oats,21.90371966,25.01683244,23.48894833
1426,Rice,21.89305353,24.93454847,23.44218243
1427,Cotton (coast),23.37146806,27.43063641,25.50418479
1428,Cotton (lake),20.51162532,23.15878023,21.89499284
1429,Peanuts,21.89929386,24.99430672,23.47541313
1430,Castor beans,9.888231874555283,25.393218405113757,17.946600193464324
1431,Sunflowerseed,21.90371966,25.01683244,23.48894833
1432,Cassava,21.87247057,24.97592198,23.45515062
1433,Irish Potatoes,21.90399542,25.0183159,23.48983154
1434,Sweet Potatoes,21.90420262,25.01854852,23.49005521
1435,Sugarcane,9.888231874555283,25.393218405113757,17.946600193464324
1436,Tobacco (long rains),9.888231874555283,25.393218405113757,17.946600193464324
1437,Tobacco (short rains),9.888231874555283,25.393218405113757,17.946600193464324
1438,Rice (main - north region),23.07715032,30.60911281,26.73819338
1439,Rice (main - south region),25.20709528,28.93291357,26.66958883
1440,Rice (second - north region),23.07715032,30.60911281,26.73819338
1441,Rice (second - south region),25.20709528,28.93291357,26.66958883
1442,Cotton (south),9.888231874555283,25.393218405113757,17.946600193464324
1443,Cotton (east),9.888231874555283,25.393218405113757,17.946600193464324
1444,Cotton (north),9.888231874555283,25.393218405113757,17.946600193464324
1445,Peanuts (north),22.96698476,31.01505178,26.99307358
1446,Peanuts (south),25.20642817,29.38386887,26.81233677
1447,Soybeans (north),23.32836711,29.74330506,26.14466582
1448,Soybeans (east),25.14463826,29.04798906,26.51897055
1449,Sunflower,9.888231874555283,25.393218405113757,17.946600193464324
1450,Sweet Potatoes (north),23.40373439,30.5389365,26.762998
1451,Sweet Potatoes (south),25.01262629,28.94955744,26.69607792
1452,Millet (Gu),9.888231874555283,25.393218405113757,17.946600193464324
1453,Millet (Deyr),9.888231874555283,25.393218405113757,17.946600193464324
1454,Rice,26.04618173,29.25984285,27.52794156
1455,Cotton (Gu),26.04618173,29.25984285,27.52794156
1456,Cotton (Deyr),9.888231874555283,25.393218405113757,17.946600193464324
1457,Peanuts (Gu),9.888231874555283,25.393218405113757,17.946600193464324
1458,Peanuts (Deyr),9.888231874555283,25.393218405113757,17.946600193464324
1459,Sesame (Gu),9.888231874555283,25.393218405113757,17.946600193464324
1460,Sesame (Deyr),9.888231874555283,25.393218405113757,17.946600193464324
1461,Bananas,9.888231874555283,25.393218405113757,17.946600193464324
1462,Beans (Gu),26.04618173,29.25984285,27.52794156
1463,Beans (Deyr),9.888231874555283,25.393218405113757,17.946600193464324
1464,Cassava,26.04618173,29.25984285,27.52794156
1465,Onions,9.888231874555283,25.393218405113757,17.946600193464324
1466,Tomatoes,9.888231874555283,25.393218405113757,17.946600193464324
1467,Sugarcane,9.888231874555283,25.393218405113757,17.946600193464324
1468,Tobacco (Gu),9.888231874555283,25.393218405113757,17.946600193464324
1469,Tobacco (Dyer),9.888231874555283,25.393218405113757,17.946600193464324
1470,Corn,6.666952793,28.39045044,17.69436029
1471,Sorghum,6.652405763,28.42059961,17.69596352
1472,Rye,9.888231874555283,25.393218405113757,17.946600193464324
1473,Cotton,6.651105256,28.43250175,17.70039202
1474,Flaxseed,9.888231874555283,25.393218405113757,17.946600193464324
1475,Peanuts,6.659191511,28.40092992,17.69270858
1476,Sesame,9.888231874555283,25.393218405113757,17.946600193464324
1477,Corn (north - vuli rains),19.80067816,22.85747915,21.65079384
1478,Millet (north),19.89429487,23.1273469,21.95114874
1479,Rice (north),20.72639494,23.56516388,22.32914205
1480,Cotton (west),20.08504844,23.15377977,21.74715951
1481,Cotton (east),19.65420626,24.07274414,22.41111431
1482,Soybeans (south),19.61154205,24.59353788,22.55111655
1483,Peanuts,19.89980149,23.22379964,22.05910263
1484,Castor beans,9.888231874555283,25.393218405113757,17.946600193464324
1485,Sunflowerseed,19.90008521,23.2262769,22.06066576
1486,Sweet Potatoes,19.899329,23.2230949,22.05850387
1487,Tobacco (southern highlands),9.888231874555283,25.393218405113757,17.946600193464324
1488,Oats,2.0587383,21.65892081,12.02821503
1489,Rye,-1.767276258,20.1217323,9.601540592
1490,Spring Wheat,0.399741792,22.24290871,11.60340854
1491,Anise,9.888231874555283,25.393218405113757,17.946600193464324
1492,Birdseed,9.888231874555283,25.393218405113757,17.946600193464324
1493,Flazseed,9.888231874555283,25.393218405113757,17.946600193464324
1494,Hempseed,9.888231874555283,25.393218405113757,17.946600193464324
1495,Peanuts,5.396146102,25.2971692,15.51589822
1496,Poppyseed,9.888231874555283,25.393218405113757,17.946600193464324
1497,Rapeseed,9.888231874555283,25.393218405113757,17.946600193464324
1498,Sesame,9.888231874555283,25.393218405113757,17.946600193464324
1499,Soybeans,6.398818876,26.15474462,16.50682958
1500,Sunflower,2.57553938,22.42758621,12.69718338
1501,Millet,15.56042848,24.27021769,21.10038306
1502,Rice,15.56537447,24.27558219,21.1048927
1503,Wheat (summer),15.56860754,24.27964211,21.10840641
1504,Barley,15.56374507,24.27400016,21.10354782
1505,Cotton,15.81488152,23.96436298,20.85364698
1506,Peanuts,15.63204739,24.19212858,20.98500594
1507,Sunflower,15.4249604,23.47644849,20.53768976
1508,Sorghum (Gu),26.04618173,29.25984285,27.52794156
1509,Sorghum (Deyr),26.04618173,29.25984285,27.52794156
